file_id,path,source,kind,pages,width,height,bytes,status,problem,sha256,script,language,era,condition,rotation,notes
15a69069624b,raw/_broken/HEIF Image-4F4E-A8BD-24-10.heic,_broken,image,0,0,0,135,broken,"apple placeholder, no image data; re-export from Photos",15a69069624b314c78589fb5b257d463927b828955592c0919f6ef40f23ce123,,,,,,
15a69069624b,raw/_broken/HEIF Image-4F4E-A8BD-24-11.heic,_broken,image,0,0,0,135,broken,"apple placeholder, no image data; re-export from Photos",15a69069624b314c78589fb5b257d463927b828955592c0919f6ef40f23ce123,,,,,,
15a69069624b,raw/_broken/HEIF Image-4F4E-A8BD-24-12.heic,_broken,image,0,0,0,135,broken,"apple placeholder, no image data; re-export from Photos",15a69069624b314c78589fb5b257d463927b828955592c0919f6ef40f23ce123,,,,,,
15a69069624b,raw/_broken/HEIF Image-4F4E-A8BD-24-13.heic,_broken,image,0,0,0,135,broken,"apple placeholder, no image data; re-export from Photos",15a69069624b314c78589fb5b257d463927b828955592c0919f6ef40f23ce123,,,,,,
15a69069624b,raw/_broken/HEIF Image-4F4E-A8BD-24-14.heic,_broken,image,0,0,0,135,broken,"apple placeholder, no image data; re-export from Photos",15a69069624b314c78589fb5b257d463927b828955592c0919f6ef40f23ce123,,,,,,
15a69069624b,raw/_broken/HEIF Image-4F4E-A8BD-24-15.heic,_broken,image,0,0,0,135,broken,"apple placeholder, no image data; re-export from Photos",15a69069624b314c78589fb5b257d463927b828955592c0919f6ef40f23ce123,,,,,,
15a69069624b,raw/_broken/HEIF Image-4F4E-A8BD-24-16.heic,_broken,image,0,0,0,135,broken,"apple placeholder, no image data; re-export from Photos",15a69069624b314c78589fb5b257d463927b828955592c0919f6ef40f23ce123,,,,,,
15a69069624b,raw/_broken/HEIF Image-4F4E-A8BD-24-17.heic,_broken,image,0,0,0,135,broken,"apple placeholder, no image data; re-export from Photos",15a69069624b314c78589fb5b257d463927b828955592c0919f6ef40f23ce123,,,,,,
15a69069624b,raw/_broken/HEIF Image-4F4E-A8BD-24-18.heic,_broken,image,0,0,0,135,broken,"apple placeholder, no image data; re-export from Photos",15a69069624b314c78589fb5b257d463927b828955592c0919f6ef40f23ce123,,,,,,
15a69069624b,raw/_broken/HEIF Image-4F4E-A8BD-24-19.heic,_broken,image,0,0,0,135,broken,"apple placeholder, no image data; re-export from Photos",15a69069624b314c78589fb5b257d463927b828955592c0919f6ef40f23ce123,,,,,,
15a69069624b,raw/_broken/HEIF Image-4F4E-A8BD-24-20.heic,_broken,image,0,0,0,135,broken,"apple placeholder, no image data; re-export from Photos",15a69069624b314c78589fb5b257d463927b828955592c0919f6ef40f23ce123,,,,,,
15a69069624b,raw/_broken/HEIF Image-4F4E-A8BD-24-21.heic,_broken,image,0,0,0,135,broken,"apple placeholder, no image data; re-export from Photos",15a69069624b314c78589fb5b257d463927b828955592c0919f6ef40f23ce123,,,,,,
15a69069624b,raw/_broken/HEIF Image-4F4E-A8BD-24-22.heic,_broken,image,0,0,0,135,broken,"apple placeholder, no image data; re-export from Photos",15a69069624b314c78589fb5b257d463927b828955592c0919f6ef40f23ce123,,,,,,
15a69069624b,raw/_broken/HEIF Image-4F4E-A8BD-24-23.heic,_broken,image,0,0,0,135,broken,"apple placeholder, no image data; re-export from Photos",15a69069624b314c78589fb5b257d463927b828955592c0919f6ef40f23ce123,,,,,,
15a69069624b,raw/_broken/HEIF Image-4F4E-A8BD-24-24.heic,_broken,image,0,0,0,135,broken,"apple placeholder, no image data; re-export from Photos",15a69069624b314c78589fb5b257d463927b828955592c0919f6ef40f23ce123,,,,,,
15a69069624b,raw/_broken/HEIF Image-4F4E-A8BD-24-25.heic,_broken,image,0,0,0,135,broken,"apple placeholder, no image data; re-export from Photos",15a69069624b314c78589fb5b257d463927b828955592c0919f6ef40f23ce123,,,,,,
15a69069624b,raw/_broken/HEIF Image-4F4E-A8BD-24-26.heic,_broken,image,0,0,0,135,broken,"apple placeholder, no image data; re-export from Photos",15a69069624b314c78589fb5b257d463927b828955592c0919f6ef40f23ce123,,,,,,
15a69069624b,raw/_broken/HEIF Image-4F4E-A8BD-24-27.heic,_broken,image,0,0,0,135,broken,"apple placeholder, no image data; re-export from Photos",15a69069624b314c78589fb5b257d463927b828955592c0919f6ef40f23ce123,,,,,,
15a69069624b,raw/_broken/HEIF Image-4F4E-A8BD-24-28.heic,_broken,image,0,0,0,135,broken,"apple placeholder, no image data; re-export from Photos",15a69069624b314c78589fb5b257d463927b828955592c0919f6ef40f23ce123,,,,,,
15a69069624b,raw/_broken/HEIF Image-4F4E-A8BD-24-29.heic,_broken,image,0,0,0,135,broken,"apple placeholder, no image data; re-export from Photos",15a69069624b314c78589fb5b257d463927b828955592c0919f6ef40f23ce123,,,,,,
15a69069624b,raw/_broken/HEIF Image-4F4E-A8BD-24-3.heic,_broken,image,0,0,0,135,broken,"apple placeholder, no image data; re-export from Photos",15a69069624b314c78589fb5b257d463927b828955592c0919f6ef40f23ce123,,,,,,
15a69069624b,raw/_broken/HEIF Image-4F4E-A8BD-24-30.heic,_broken,image,0,0,0,135,broken,"apple placeholder, no image data; re-export from Photos",15a69069624b314c78589fb5b257d463927b828955592c0919f6ef40f23ce123,,,,,,
15a69069624b,raw/_broken/HEIF Image-4F4E-A8BD-24-31.heic,_broken,image,0,0,0,135,broken,"apple placeholder, no image data; re-export from Photos",15a69069624b314c78589fb5b257d463927b828955592c0919f6ef40f23ce123,,,,,,
15a69069624b,raw/_broken/HEIF Image-4F4E-A8BD-24-4.heic,_broken,image,0,0,0,135,broken,"apple placeholder, no image data; re-export from Photos",15a69069624b314c78589fb5b257d463927b828955592c0919f6ef40f23ce123,,,,,,
15a69069624b,raw/_broken/HEIF Image-4F4E-A8BD-24-5.heic,_broken,image,0,0,0,135,broken,"apple placeholder, no image data; re-export from Photos",15a69069624b314c78589fb5b257d463927b828955592c0919f6ef40f23ce123,,,,,,
15a69069624b,raw/_broken/HEIF Image-4F4E-A8BD-24-6.heic,_broken,image,0,0,0,135,broken,"apple placeholder, no image data; re-export from Photos",15a69069624b314c78589fb5b257d463927b828955592c0919f6ef40f23ce123,,,,,,
15a69069624b,raw/_broken/HEIF Image-4F4E-A8BD-24-7.heic,_broken,image,0,0,0,135,broken,"apple placeholder, no image data; re-export from Photos",15a69069624b314c78589fb5b257d463927b828955592c0919f6ef40f23ce123,,,,,,
15a69069624b,raw/_broken/HEIF Image-4F4E-A8BD-24-8.heic,_broken,image,0,0,0,135,broken,"apple placeholder, no image data; re-export from Photos",15a69069624b314c78589fb5b257d463927b828955592c0919f6ef40f23ce123,,,,,,
15a69069624b,raw/_broken/HEIF Image-4F4E-A8BD-24-9.heic,_broken,image,0,0,0,135,broken,"apple placeholder, no image data; re-export from Photos",15a69069624b314c78589fb5b257d463927b828955592c0919f6ef40f23ce123,,,,,,
190b2bf89597,raw/book/IMG_3526.HEIC,book,image,1,3024,4032,1600933,ok,,190b2bf895979172d13d0f26e42297bf9210e42a37acc992c246e95d4bae95e4,nagari-historical,glyph-table,10c-20c,clear,0,lipi book p.40 अभ्यास पत्र-1: varnamala vowels + क–म
355b99e74faf,raw/book/IMG_3527.HEIC,book,image,1,3024,4032,1597692,ok,,355b99e74faf4ecd5d8792fc006c48cce24a9d15cbe36a88134bd75a39214dd3,nagari-historical,glyph-table,10c-20c,clear,0,"lipi book p.41: य–ह, क/ध barakhadi, numerals"
a1735366d34d,raw/book/IMG_3528.HEIC,book,image,1,4032,3024,1600102,ok,,a1735366d34d3f889746083ca8f32ad993c957169e0dfbf7c59a7df162dcc538,nagari-historical,glyph-table,10c-20c,clear,90,lipi book p.42 अभ्यास पत्र-2: conjuncts
b9c9c31dd01c,raw/manuscripts/25_Hp_49495_300Dpi.pdf,manuscripts,pdf,8,3252,1460,5755228,ok,,b9c9c31dd01c7d30ec4e6ae640210094a8599fe7a155ff8a2975ed8599bcfe16,jain-nagari,sanskrit,,average,0,"kobatirth.org scan (Koba Gyanmandir), ""For Private and Personal Use Only""; Madanarekha / Nami rajarshi katha; bleed-through, marginal notes"
